bad,good,id,name
47527,490272,570,Dota 2
84109,1146451,730,Counter-Strike: Global Offensive
2565,78316,49520,Borderlands 2
1050,29295,322330,Don't Starve Together
50151,154605,218620,PAYDAY 2
12070,49928,377160,Fallout 4
14894,182728,304930,Unturned
607,1052,261760,Lichdom: Battlemage
25,253,371180,Super 3-D Noah's Ark
47,15,457930,Starship: Nova Strike
3790,126403,550,Left 4 Dead 2
22,59,369040,Yargis - Space Melee
1448,29199,200510,XCOM: Enemy Unknown
137,983,278460,Skyborn
84,170,398680,Ace of Words
81,45,378100,Nyctophobia
307,362,286120,QuestRun
909,5349,228300,Remember Me
102,222,328940,The Deer God
73,1974,347620,Gaokao.Love.100Days
1548,4449,287290,Resident Evil Revelations 2 \/ Biohazard Revelations 2
37,85,422250,ShipLord
111,165,410560,Trinium Wars
562,28008,238460,BattleBlock Theater
804,67314,620,Portal 2
215,531,335430,Grimoire: Manastorm
18402,95174,271590,Grand Theft Auto V
635,1856,297020,The Culling Of The Cows
8,211,80360,Blackwell Deception
600,23123,213670,South Park\u2122: The Stick of Truth\u2122
118,1116,360640,12 Labours of Hercules II: The Cretan Bull
890,4337,254700,resident evil 4 \/ biohazard 4
768,3849,21690,Resident Evil 5 \/ Biohazard 5
283,1844,218740,Pid 
5429,8676,233250,Planetary Annihilation
1475,2751,299460,Woodle Tree Adventures
537,3064,222480,Resident Evil Revelations \/ Biohazard Revelations
825,13580,8980,Borderlands
85,186,294020,Merchants of Kaidan
38,163,366760,Adorables
2053,30982,24240,PAYDAY: The Heist
1001,6641,45760,Ultra Street Fighter IV
65,194,434420,The Chosen RPG
120,825,275470,Chip
634,499,220660,StarDrive
61,134,282880,FaeVerse Alchemy
704,553,292380,Racer 8
283,2841,92800,SpaceChem
322,1803,234390,Teleglitch: Die More Edition
6025,19879,104900,ORION: Prelude
13,91,341090,On A Roll 3D
58,145,397980,Invasion
165,246,209330,A Valley Without Wind
380,213,375460,16bit Trader
314,346,354850,Why So Evil 2: Dystopia
252,1509,203630,Warlock - Master of the Arcane
28,293,322290,Gurumin: A Monstrous Adventure
96,315,323720,Decay - The Mare
246,52,290650,Time Ramesside (A New Reckoning)
393,7398,220440,DmC Devil May Cry
2264,441,292630,Uriel's Chasm
65,413,357780,Defend Your Life
180,303,428430,Endorlight
28,233,336420,Bloodsports.TV
149,313,211050,Battle vs Chess
73,338,282100,Fearless Fantasy
158,67,383030,Medieval Mercs
42,123,449220,A grande bagun\u00e7a espacial - The big space mess
81,68,371390,Flix The Flea
455,518,400250,Heaven Island - VR MMO
418,421,368900,Brilliant Bob
15473,337622,440,Team Fortress 2
72,808,230820,The Night of the Rabbit
409,790,343360,Particula
194,3370,382490,Relic Hunters Zero
79,191,338050,Anoxemia
201,448,296050,Battlepaths
2879,8311,34900,Bad Rats
49,1092,296490,GemCraft - Chasing Shadows
37,157,365810,FLYING TIGERS: SHADOWS OVER CHINA
29,63,373360,Cast of the Seven Godsends
656,7236,238010,Deus Ex: Human Revolution - Director's Cut
522,605,331710,Why So Evil
1288,17260,35450,Rising Storm\/Red Orchestra 2 Multiplayer
188,178,399790,Destiny Warriors
605,974,226720,Lost Planet 3
62,55,372820,Shot In The Dark
49,75,317440,Quantum Rush Champions
86,377,45500,Clickr
83,155,96200,Steel Storm: Burning Retribution
1573,15698,203140,Hitman: Absolution
196,1295,235210,Strider
1414,6711,262410,World of Guns: Gun Disassembly
239,412,355150,Gravilon
2646,7964,238430,Contagion
35,6,375620,CortexGear:AngryDroids
816,372,388870,Devils Share
353,579,234490,Rush Bros
64,85,283390,Incoming Forces
590,3162,327410,A Bird Story
160,317,360380,Tiny Bridge: Ratventure
157,549,329380,Stealth Inc 2
34,353,300300,Ichi
215,540,283230,Spoiler Alert
55,331,351490,Intergalactic Bubbles
39,364,228960,Skulls of the Shogun
179,152,396160,Secret Of Magia
1099,717,373110,Temper Tantrum
15,159,341550,Super Cyborg
109,202,253940,Septerra Core
53,128,357280,Alter World
181,367,367600,Skyshine's BEDLAM
695,1142,293180,Overcast - Walden and the Werewolf
99,154,375710,The Adventures of Mr. Bobley
29,171,339160,Tales of the Orient: The Rising Sun
41,157,397500,Labyronia RPG 2
95,78,410590,Fiends of Imprisonment
48,157,407230,Legend of Mysteria
46,145,267980,Hostile Waters: Antaeus Rising
78,531,285840,Enemy Mind
279,4099,263980,Out There Somewhere
145,405,370510,Marble Mayhem: Fragile Ball
256,797,264240,CONSORTIUM
249,247,395980,Break Into Zatwor
827,1328,277950,Deadbreed\u00ae
566,3084,315430,Polarity
266,532,400240,The Deer
460,803,92100,DETOUR
136,362,391260,Labyronia RPG
447,517,385200,Absconding Zatwor
139,493,238910,Bionic Dues
125,428,397620,GooCubelets
736,3373,218640,Lucius
418,2381,314020,Morphopolis
4,85,326120,Horizon Shift
170,521,271570,Space Farmers
239,659,341500,Camera Obscura
52,241,251530,Anomaly Korea
615,277,364690,SUPER DISTRO
2,8,336710,Supreme League of Patriots Issue 2: Patriot Frames
20,32,331760,Supreme League of Patriots Issue 1: A Patriot Is Born
3,9,336730,Supreme League of Patriots Issue 3: Ice Cold in Ellis
73,190,321150,Melissa K. and the Heart of Gold Collector's Edition
593,4278,2400,The Ship
1619,9384,202090,Magicka: Wizard Wars
600,3112,263060,Blockstorm
40,17,457940,Krog Wars
20,97,304500,Rooms: The Main Building
2184,50678,203160,Tomb Raider
467,2960,104200,BEEP
15,91,294460,Fenix Rage
209,867,306040,The Howler
33,606,350740,The Bug Butcher
19,161,334560,Square Heroes
155,171,299260,Commando Jack
29,7,397700,Urizen Shadows of the Cold
10,247,405950,Lowglow
10,137,388420,In Between
380,1103,214360,Tower Wars
279,125,339470,Retention
710,313,314700,Forsaken Uprising
498,354,357900,Make it indie!
1818,897,344040,Voxelized
226,772,341310,Greyfox
17,45,306350,Slipstream 5000
27,22,433210,Rhino's Rage
27,78,434610,Forbidden planet
1268,673,329950,The Slaughtering Grounds
42,68,345220,Agent Awesome
377,794,244590,Epigenesis
2950,4058,303390,Dead Bits
744,1467,1930,Two Worlds: Epic Edition
104,222,274620,Skara - The Blade Remains
63,205,311250,Doorways: The Underworld
251,122,271640,Humanity Asset
27,252,277680,"About Love, Hate and the other ones"
637,1067,7510,X-Blades
63,41,340220,Shadows of War
130,431,286360,Shadows on the Vatican - Act I: Greed
230,129,307350,Nux
1,18,373600,Weapon of Choice
333,4280,278360,A Story About My Uncle
201,95,449630,Rage Parking Simulator 2016
140,1265,15700,Oddworld: Abe's Oddysee
42,150,356200,Keen Dreams
613,1661,262150,Vanguard Princess
163,415,363620,Tea Party Simulator 2015\u2122
12,147,341120,Glorkian Warrior: The Trials Of Glork
336,1554,284950,Pixel Puzzles: Japan
294,86,392050,Galactic Hitman
88,341,287120,Ionball 2 : Ionstorm
9,39,284200,Robot Rescue Revolution
29,204,252170,Anomaly Warzone Earth Mobile Campaign
31,224,383930,Doorways: Holy Mountains of Flesh
12325,156844,72850,The Elder Scrolls V: Skyrim
188,1290,313020,Soul Gambler
190,728,224220,Pressure
477,4594,249050,Dungeon of the Endless
1043,796,275490,Canyon Capers
999,32137,220,Half-Life 2
147,275,248470,Doorways: Prelude
361,202,344750,Deadly Profits
244,480,441870,OutDrive
30,27,422100,Heaven Island Life
51,134,416270,GooCubelets 2
158,49,424830,Bell Ringer
830,358,382240,Blood of Old
435,398,301750,RADical ROACH Deluxe Edition
1817,9948,70000,Dino D-Day
258,1201,252150,Grimm
442,1414,201570,Really Big Sky
90,616,268240,Mechanic Escape
1880,6839,224600,Defiance
180,618,234940,The 39 Steps
194,151,391740,Blaster Shooter GunGuy!
,,224420,Afterfall InSanity Extended Edition
355,1417,253900,Knights and Merchants
240,1329,283290,Nosferatu: The Wrath of Malachi
200,303,403740,GabeN: The Final Decision
264,408,321260,Wickland
76,376,257120,Not The Robots
319,145,257890,Frozen Hearth
99,187,283660,Rabbit Hole 3D: Steam Edition
121,444,314250,Jet Gunner
212,1183,91900,Post Apocalyptic Mayhem
,,222900,Dead Island: Epidemic
837,3172,253980,Enclave
15,43,346140,Hidden Object Bundle 5 in 1
312,240,295930,Swipecart
368,88,291330,Final Slam 2
129,547,307070,Memories of a Vagabond
,,247830,Aerena
599,6047,300,Day of Defeat: Source
146,1212,235250,Super Sanctum TD
1296,12101,17410,Mirror's Edge
115,224,234290,Zack Zero
1588,1934,239450,Gun Monkeys
243,653,24800,Command and Conquer: Red Alert 3 - Uprising
53,314,202730,Dynamite Jack
32,360,255870,PixelJunk\u2122 Shooter
173,292,307170,Borealis
3586,36136,224260,No More Room in Hell
973,1957,47790,Medal of Honor(TM) Single Player
328,3141,444560,Agent Origins: Escape
134,479,11340,Larva Mortus
43,113,382350,Devil's Bluff
84,1041,354500,PAYDAY: The Web Series - Episode 1
202,1906,30,Day of Defeat
,,390160,Crookz - The Short Movie
71,712,411180,Dota 2 - The International 2015 - Player Profiles
16,123,425680,Ultimate Grenade Tutorial - Hardsurface 3D Course
3,31,452220,In Search of the Most Dangerous Town on the Internet: Where Cybercrime Goes to Hide
143,1603,413850,CS:GO Player Profiles
324,1022,296910,8BitBoy
3334,4203,102700,A.V.A - Alliance of Valiant Arms
322,743,285580,ACE - Arena: Cyber Evolution
124,855,211440,Adventures of Shuggy
,,105430,Age of Empires Online
,,265650,Age of Wushu
76,333,375600,Air Brawl
8,11,358280,Alien Carnage \/ Halloween Harry
80,1252,41300,Altitude
650,1303,13140,America's Army 3
1323,4361,203290,America's Army: Proving Grounds
38,51,302190,Amerzone: The Explorer's Legacy
7877,15318,113400,APB Reloaded
,,238110,Arcane Saga Online
1608,5210,207230,Archeblade
6,10,358170,Arctic Adventure
871,2262,65790,Arma: Cold War Assault
91,87,228320,A Valley Without Wind 2
127,233,46410,Avencast
,,358430,Balls of Steel
93,405,37420,"Ben There, Dan That!"
373,2599,203750,Binary Domain
3,27,358180,Bio Menace
151,333,21680,Bionic Commando Rearmed
185,110,27330,Blacklight: Tango Down
73,16,398210,BlackShadows
3,14,358190,Blake Stone: Aliens of Gold
3,6,358310,Blake Stone: Planet Strike
132,131,257630,Blast Em!
1918,5821,299360,Block N Load
169,1132,6370,Bloodline Champions
1,3,367290,Bloodsports.TV - Blood Brawl
130,112,340200,Bloop
127,102,40940,Borderlands DLC: Mad Moxxi's Underdome Riot
23,181,50110,Borderlands DLC: The Secret Armory of General Knoxx
18,214,8990,Borderlands DLC: The Zombie Island of Dr. Ned
,,109410,Brawl Busters
1858,17634,291550,Brawlhalla
966,6304,24740,Burnout Paradise: The Ultimate Box
,,377540,Cast of the Seven Godsends - Soundtrack
268,409,222520,Champions of Regnum
483,226,287100,Chaos Domain
26,41,360130,Cloud Knights
,,254020,Commander: Conquest of the Americas Gold
96,675,4720,Condemned: Criminal Origins
99,148,266450,Conquest of Champions
5,14,298810,Consortium Soundtrack and Discoveries
84,637,227240,Construct 2 Free
4,20,358250,Cosmo's Cosmic Adventure
1337,61872,10,Counter-Strike
641,5718,80,Counter-Strike: Condition Zero
641,5718,100,Counter-Strike: Condition Zero Deleted Scenes
2157,48990,240,Counter-Strike: Source
852,902,11390,Crash Time II
42,38,359290,Crazy Cars - Hit the Road
861,901,38830,CrimeCraft GangWars
7,390,368340,CrossCode
966,4219,108800,Crysis 2 Maximum Edition
6,21,358260,Crystal Caves
143,1603,413858,CS:GO Player Profiles - Device
143,1603,413856,CS:GO Player Profiles - Edward
143,1603,413859,CS:GO Player Profiles - Fallen
143,1603,458300,CS:GO Player Profiles - fnx
143,1603,458310,CS:GO Player Profiles - Friberg
143,1603,413853,CS:GO Player Profiles - Get_Right
143,1603,458270,CS:GO Player Profiles - Guardian
143,1603,458280,CS:GO Player Profiles - Happy
143,1603,458250,CS:GO Player Profiles - Karrigan
143,1603,413855,CS:GO Player Profiles - KennyS
143,1603,458320,CS:GO Player Profiles - Maikelele
143,1603,413857,CS:GO Player Profiles - Markeloff
143,1603,413851,CS:GO Player Profiles - N0thing
143,1603,413854,CS:GO Player Profiles - Olofmeister
143,1603,458260,CS:GO Player Profiles - pashaBiceps
143,1603,413852,CS:GO Player Profiles - Taz
57,63,283410,CT Special Forces: Fire for Effect
73,233,235720,Cubetractor
3,7,358440,Dark Ages
,,314750,Deadbreed\u00ae \u2013 Undertaker Beta Pack
569,4989,17470,Dead Space
134,707,40,Deathmatch Classic
6,41,358270,Death Rally (Classic)
1486,1865,270170,Depression Quest
95,46,283330,Desert Thunder
6159,18933,333930,Dirty Bomb
,,415880,Disc Jam
,,221080,District 187
230,1193,11610,Dragon Nest
,,258700,Dragon Nest Europe
537,1988,263500,Dragons and Titans
125,123,266030,DRAKERZ-Confrontation
,,240160,Duke Nukem
,,240180,Duke Nukem 2
,,359850,Duke Nukem 3D
,,240200,Duke Nukem: Manhattan Project
1643,6254,236110,Dungeon Defenders II
248,155,215870,Dungeon Party
204,1241,213650,Dwarfs F2P
,,259300,Earth 2150: Lost Souls
,,259280,Earth 2150: The Moon Project
,,254000,East India Company Gold
16,15,366530,Esenthel Engine
100,25,283350,Eurofighter Typhoon
129,319,205710,EverQuest Free-to-Play
187,582,201230,EverQuest II
20,20,324770,Experience 112
55,236,297210,Famaze
,,280620,Fiesta Online
169,192,300970,Fiesta Online NA
111,2604,302380,Floating Point
,,219870,Football Superstars
208,572,36620,Forsaken World 
1369,3802,310380,Fractured Space
543,10573,245550,Free to Play
369,632,218310,Frontline Tactics
44,151,435060,GameLooper
1,53,396960,Gaokao.Love.100Days - Yes Monitress
275,107,267940,Glacier 3: The Meltdown
,,17020,Global Agenda
34,39,322980,Gods vs Humans
121,415,253920,Gorky 17
1223,7379,206210,Gotham City Impostors: Free To Play
36,36,363480,Grave Prosperity: Redux- part 1
48,144,8660,GTR Evolution
524,1047,293540,Guns and Robots
275,170,70120,Hacker Evolution Duality
11,14,294770,Haegemonia: Legions of Iron
419,10917,70,Half-Life
398,3581,320,Half-Life 2: Deathmatch
205,3810,380,Half-Life 2: Episode One
214,5298,420,Half-Life 2: Episode Two
728,3272,340,Half-Life 2: Lost Coast
209,1569,290930,Half-Life 2: Update
192,1788,130,Half-Life: Blue Shift
127,2502,50,Half-Life: Opposing Force
401,1900,280,Half-Life: Source
176,561,360,Half-Life Deathmatch: Source
234,1747,205230,Hell Yeah!
82,584,283880,Heroine's Quest: The Herald of Ragnarok
122,958,6850,Hitman 2: Silent Assassin
,,205930,Hitman: Sniper Challenge
6,28,358290,Hocus Pocus
,,55130,HOMEFRONT Demo
268,72,267960,Hyper Fighters
64,362,206690,iBomber Defense Pacific
341,125,248710,Iesabel
37,57,407620,Indie Game Battle
44,98,380890,In Search of the Most Dangerous Town on the Internet
14,21,296180,Iron Storm
378,2041,205950,Jet Set Radio
24,71,382120,Journey To The Center Of The Earth
256,1961,351570,Killing Floor: Uncovered
689,1413,227180,Kingdom Wars
213,234,254060,KnightShift
302,16183,374570,Kung Fury
4,16,355500,Leadwerks Game Launcher
453,8709,500,Left 4 Dead
188,140,283430,Litil Divil
7,25,60340,LUXOR: 5th Passage 
,,201190,Magic: The Gathering \u2013 Tactics
2,6,358300,Major Stryker
,,234310,March of War
336,163,283370,Marine Sharpshooter II: Jungle Warfare
12,9,401420,Match 3 Revolution
5,16,358200,Math Rescue
973,1957,47830,Medal of Honor(TM) Multiplayer
,,47799,Medal of Honor Pre-Order
73,138,108210,Memoir '44 Online
1096,14023,43110,Metro 2033
912,2379,109400,MicroVolts Surge
3,12,358210,Monster Bash
92,79,324760,Monster Truck Destruction
41,571,296710,Monstrum 
2,8,358240,Monuments of Mars
39,324,361720,Mortal Kombat: Legacy - Ep. 3: Johnny Cage
39,324,361730,Mortal Kombat: Legacy - Ep. 4: Kitana & Mileena (Part 1)
39,324,361740,Mortal Kombat: Legacy - Ep. 5: Kitana & Mileena (Part 2)
39,324,361750,Mortal Kombat: Legacy - Ep. 6: Raiden
39,324,361760,Mortal Kombat: Legacy - Ep. 7: Scorpion and Sub-Zero (Part 1)
39,324,361770,Mortal Kombat: Legacy - Ep. 8: Scorpion and Sub-Zero (Part 2)
39,324,361780,Mortal Kombat: Legacy - Ep. 9: Cyrax & Sektor
15,137,362180,Mortal Kombat: Legacy II - Ep. 1: Reunited in Macau
15,137,362190,Mortal Kombat: Legacy II - Ep. 2: The Fall of Liu Kang
15,137,362200,Mortal Kombat: Legacy II - Ep. 3: Kenshi's Origin
15,137,362210,Mortal Kombat: Legacy II - Ep. 4: Kenshi Encounters Ermac
15,137,362220,Mortal Kombat: Legacy II - Ep. 5: Kitana and Mileena
15,137,362230,Mortal Kombat: Legacy II - Ep. 6: Johnny Cage
15,137,362240,Mortal Kombat: Legacy II - Ep. 7: Scorpion and Sub-Zero (Part 1)
15,137,362250,Mortal Kombat: Legacy II - Ep. 8: Scorpion and Sub-Zero (Part 2)
15,137,362260,Mortal Kombat: Legacy II - Ep. 9: Liu Kang
15,137,362270,Mortal Kombat: Legacy II - Ep. 10: Liu Kang and Kung Lao
475,2098,274900,Murder Miners
1,10,358220,Mystic Towers
44,16,386320,Naninights
124,79,368750,Nebula Online
772,1620,244630,NEOTOKYO\u00b0
3504,13781,109600,Neverwinter
69,221,330570,Noct
28,67,287720,Nostradamus: The Last Prophecy
271,188,311400,OCEAN CITY RACING
50,132,243000,Omikron - The Nomad Soul
2,6,399840,One Way To Die: Deluxe Upgrade
114,151,388490,One Way To Die: Steam Edition
58,292,308580,Orborun
4,3,358230,Paganitzu
,,106010,Pandora Saga: Weapons of Balance
1361,2457,240320,Panzar
2013,28134,238960,Path of Exile
6,7,358330,Pharaoh's Tomb
543,1625,238260,Pinball Arcade
,,254040,Pirates of Black Cove Gold
14,33,371690,Pixel Space
4561,26024,218230,PlanetSide 2
447,24823,400,Portal
181,128,247120,Portal 2 Sixense Perceptual Pack
56,63,46550,Post Mortem
109,273,201210,Pox Nora
,,384180,Prominence Poker
22,26,60600,ProtoGalaxy
32,56,385220,Pulut Adventure
170,741,99910,Puzzle Pirates
,,304890,Quantum Rush Online
269,1282,8600,RACE 07
2401,2827,211500,RaceRoom Racing Experience 
856,1335,231060,Ragnarok Online 2
3,32,358360,Raptor: Call of the Shadows (1994 Classic Edition)
217,185,253410,Ravensword: Shadowlands
3837,14757,200210,Realm of the Mad God
4,7,358320,Realms of Chaos
73,175,292390,Realms of the Haunting
598,2118,234190,Receiver
,,236830,Red Orchestra 2: Heroes of Stalingrad - Single Player
153,1124,99300,Renegade Ops
364,1462,60,Ricochet
1,12,358410,Rise of the Triad: Dark War
159,251,46560,Robin Hood
27,48,397720,Romance of the Three Kingdoms Maker
109,238,215120,ROSE Online
22,11,286440,Rover Rescue
343,681,295550,Royal Quest
,,36630,Rusty Hearts
203,370,370190,Ruzh Delta Z
42,190,48900,Saira
,,358350,Secret Agent
,,34270,SEGA Genesis & Mega Drive Classics
1,10,358400,Shadow Warrior (Classic)
19,642,238070,Shadow Warrior Classic (1997)
11,183,400040,ShareX
52,21,234370,Shattered Haven
242,1113,202485,Skyrim High Resolution Texture Pack
46,42,283310,Soulbringer
3,32,313760,Soul Gambler: Artbook & Soundtrack
371,273,315260,Space Hack
19,9,399100,Spheroid
2296,12398,99900,Spiral Knights
1,10,358390,Stargunner
51,28,310450,Steel & Steam: Episode 1
2027,4436,47410,Stronghold Kingdoms
135,1982,313730,Sunrider: Mask of Arcadius
578,5408,212800,Super Crate Box
1227,2894,104700,Super Monday Night Combat
4312,8695,51100,Tactical Intervention
354,1882,20,Team Fortress Classic
360,814,384150,TeraBlaster
1,20,358370,Terminal Velocity
14,26,338550,Terra Lander
159,530,219340,The Banner Saga: Factions
21,36,302160,The Egyptian Prophecy: The Fate of Ramses
287,10727,312990,The Expendabros
3,283,450390,The Lab
177,502,2420,The Ship Single Player
,,2430,The Ship Tutorial
14,33,279640,The Troma Project
1242,4690,310370,The Way of Life Free Edition
96,967,211600,Thief Gold
521,2578,286080,Thinking with Time Machine
71,712,419910,TI5 - CDEC's Journey to The Majors
71,712,420090,TI5 - EG Champions of TI5
71,712,411186,TI5 - Player Profiles: Cloud9 - NoTail
71,712,411187,TI5 - Player Profiles: Complexity - zfreek
71,712,411181,TI5 - Player Profiles: EG - Suma1L
71,712,411185,TI5 - Player Profiles: EHOME - ROTK
71,712,411188,TI5 - Player Profiles: Empire - Alohadance
71,712,411189,TI5 - Player Profiles: Fnatic - Kecik-Imba
71,712,411183,TI5 - Player Profiles: Invictus Gaming - Ferrari
71,712,411190,TI5 - Player Profiles: LGD - Xiao8
71,712,411184,TI5 - Player Profiles: MVPHot6 - HEEN
71,712,411182,TI5 - Player Profiles: NAVI - XBOCT
71,712,411191,TI5 - Player Profiles: Newbee - Mu
71,712,411192,TI5 - Player Profiles: TeamSecret - S4
71,712,411193,TI5 - Player Profiles: Vici - fy
71,712,411194,TI5 - Player Profiles: VirtusPro - FNG
52,107,40420,Tidalis
93,405,37400,"Time Gentlemen, Please!"
,,272350,Tom Clancy's Ghost Recon Phantoms - EU
,,315906,Tom Clancy's Ghost Recon Phantoms - EU: The Thrill of the Surprise
5137,13289,243870,Tom Clancy's Ghost Recon Phantoms - NA
,,315916,Tom Clancy's Ghost Recon Phantoms - NA: The Thrill of the Surprise
40,10,370310,Tompi Jones
247,286,24670,Trainz Simulator 12
8,58,343840,Trash TV
1184,5718,17080,Tribes: Ascend
152,1066,23490,Tropico 3 - Steam Special Edition
4,13,301210,Two Worlds Strategy Guide
7,141,323630,Ubinota
16,123,425681,UGT - 1. 3DS Max Modeling - 1.1
,,425682,UGT - 1. 3DS Max Modeling - 1.2
,,425683,UGT - 1. 3DS Max Modeling - 1.3
,,425684,UGT - 1. 3DS Max Modeling - 1.4
,,425685,UGT - 1. 3DS Max Modeling - 1.5
,,425686,UGT - 2. S.P. Texturing - 1.1
,,425687,UGT - 2. S.P. Texturing - 1.2
,,425688,UGT - 2. S.P. Texturing - 1.3
,,425689,UGT - 2. S.P. Texturing - 1.4
,,224320,Uncharted Waters Online
50,27,443940,Unknown Battle
15,104,281050,Vanguard Princess Director's Cut
690,1176,307290,Velvet Sundown
93,454,311480,Vertical Drop Heroes HD
312,458,272890,Vertiginous Golf
369,282,264120,Victory: The Age of Racing
,,360480,Victory Command
600,512,211160,Viking: Battle for Asgard
1086,1381,263540,Villagers and Heroes
3,16,276050,Villagers and Heroes: Hero of Stormhold Pack
171,281,257830,Violett
6,36,358380,Wacky Wheels
7231,79659,230410,Warframe
1505,1445,107900,War Inc. Battlezone
,,206550,Warlock - Master of the Arcane: Powerful Lords
1850,2535,42160,War of the Roses
13,18,317380,War on Folvos
8077,45707,236390,War Thunder
8,56,394130,Water Bears VR
170,252,226120,Weird Worlds: Return to Infinite Space
8,32,397990,Woof Blaster
6,13,358340,Word Rescue
,,113900,World of Battles
635,802,315880,WTFast Gamers Private Network (GPN)
7,46,370070,Wyrmsun
,,269910,Xam
15,4,358420,Xenophage
308,4134,286100,You Have to Win the Game
,,323210,ZMR: Free Quick-Start Pack
813,1530,306830,Zombies Monsters Robots
